{
  "project_info": {
    "project_number": "259602519170",
    "firebase_url": "https://trabalho-restaurante-7ddfa-default-rtdb.firebaseio.com",
    "project_id": "trabalho-restaurante-7ddfa",
    "storage_bucket": "trabalho-restaurante-7ddfa.firebasestorage.app"
  },
  "client": [
    {
      "client_info": {
        "mobilesdk_app_id": "1:259602519170:android:9c2ddc96414548102a509b",
        "android_client_info": {
          "package_name": "com.trabalho.restaurante"
        }
      },
      "oauth_client": [],
      "api_key": [
        {
          "current_key": "AIzaSyAcxnb2FcihQWm1fgjB9OBE9N1n-qtigeY"
        }
      ],
      "services": {
        "appinvite_service": {
          "other_platform_oauth_client": []
        }
      }
    }
  ],
  "configuration_version": "1"
}