{"flutter":{"platforms":{"android":{"default":{"projectId":"trabalho-restaurante-7ddfa","appId":"1:259602519170:android:9c2ddc96414548102a509b","fileOutput":"android/app/google-services.json"}},"dart":{"lib/firebase_options.dart":{"projectId":"trabalho-restaurante-7ddfa","configurations":{"android":"1:259602519170:android:9c2ddc96414548102a509b","ios":"1:259602519170:ios:48eef75ef15c17512a509b","web":"1:259602519170:web:03c10ef3e6e12b222a509b","windows":"1:259602519170:web:374f99f726cbbe002a509b"}}}}}}